{
  "metadata": {
    "total_customers": 1,
    "average_income": 1826.3299560546875,
    "income_range": {
      "min": 1826.3299560546875,
      "max": 1826.3299560546875
    },
    "generated_at": "2025-09-16T12:00:22.292967",
    "confidence_level": "90%"
  },
  "predictions": [
    {
      "identificador_unico": "9-706-693",
      "cliente": 3642,
      "predicted_income": 1826.3299560546875,
      "income_lower_90": 1315.4000244140625,
      "income_upper_90": 2581.35009765625
    }
  ]
}